"Total Employment of Establishments with 20 or More Workers by Basis of Payment, Sex and Employment Size, Philippines: June 2014 to August 2022"

"Sex";"Employment Size";"2014 Time-rated Workers";"2014 ..Full-time Workers";"2014 ....Full-time_Hourly";"2014 ....Full-time_Daily";"2014 ....Full-time_Monthly";"2014 ..Part-time Workers";"2014 Commission Workers";"2014 Output-rated Workers";"2016 Time-rated Workers";"2016 ..Full-time Workers";"2016 ....Full-time_Hourly";"2016 ....Full-time_Daily";"2016 ....Full-time_Monthly";"2016 ..Part-time Workers";"2016 Commission Workers";"2016 Output-rated Workers";"2018 Time-rated Workers";"2018 ..Full-time Workers";"2018 ....Full-time_Hourly";"2018 ....Full-time_Daily";"2018 ....Full-time_Monthly";"2018 ..Part-time Workers";"2018 Commission Workers";"2018 Output-rated Workers";"2020 Time-rated Workers";"2020 ..Full-time Workers";"2020 ....Full-time_Hourly";"2020 ....Full-time_Daily";"2020 ....Full-time_Monthly";"2020 ..Part-time Workers";"2020 Commission Workers";"2020 Output-rated Workers";"2022 Time-rated Workers";"2022 ..Full-time Workers";"2022 ....Full-time_Hourly";"2022 ....Full-time_Daily";"2022 ....Full-time_Monthly";"2022 ..Part-time Workers";"2022 Commission Workers";"2022 Output-rated Workers"
"Both Sexes";"ALL SIZES";4212609;4103971;154325;1857439;2092207;108639;235882;146457;4250612;4156272;163808;1763552;2228912;94340;67670;96650;4982010;4908609;235511;1887119;2785979;73400;12122;65971;5226151;5184508;233592;2031433;2919483;41643;5963;59798;5275491;5198177;228172;1972792;2997213;77314;15813;54949
"Both Sexes";"..20 - 99 workers";1026172;979929;41062;424706;514161;46242;44584;46401;947135;915887;42167;379558;494161;31248;23266;27959;993690;971156;47430;350213;573513;22533;3530;15702;997661;981757;46443;377162;558152;15904;1914;17483;1082995;1047331;51381;409657;586293;35665;8179;17467
"Both Sexes";"..100 - 199 workers";580189;556752;18509;232343;305900;23437;31203;10380;515362;502344;14434;213883;274027;13017;15210;18605;568198;553754;23229;210095;320430;14443;2068;7805;581119;572022;15121;227542;329359;9097;624;11167;572566;561841;19968;217122;324751;10724;2447;11193
"Both Sexes";"..200 workers or more";2606249;2567289;94754;1200390;1272146;38959;160095;89676;2788115;2738041;107206;1170111;1460724;50074;29193;50086;3420122;3383699;164852;1326811;1892036;36423;6523;42464;3647371;3630729;172028;1426728;2031973;16641;3424;31149;3619930;3589005;156824;1346013;2086169;30925;5187;26290
"Female";"ALL SIZES";.;.;.;.;.;.;.;.;.;.;.;.;.;.;.;.;.;.;.;.;.;.;.;.;2284311;2264414;102688;770031;1391695;19897;1094;21108;2252651;2218788;107595;695319;1415875;33863;4042;19170
"Female";"..20 - 99 workers";.;.;.;.;.;.;.;.;.;.;.;.;.;.;.;.;.;.;.;.;.;.;.;.;422322;413743;18948;125096;269699;8580;460;3739;447161;431573;22404;139991;269178;15588;2158;6000
"Female";"..100 - 199 workers";.;.;.;.;.;.;.;.;.;.;.;.;.;.;.;.;.;.;.;.;.;.;.;.;222923;218462;5319;68998;144145;4461;169;4356;215575;210583;7900;65724;136959;4992;316;2989
"Female";"..200 workers or more";.;.;.;.;.;.;.;.;.;.;.;.;.;.;.;.;.;.;.;.;.;.;.;.;1639065;1632209;78421;575937;977851;6856;465;13012;1589915;1576632;77291;489604;1009737;13283;1568;10181
