"Deaths : Number of Registered Deaths by Usual Residence and Place of Occurrence and Attendance at Death, (Region,Province and City/Municipality) Philippines: 2016"

"Geolocation";"Usual Residence Total";"Usual Residence Medically Attended";"Usual Residence Not Attended";"Usual Residence Not Stated";"Place of Occurrence Total";"Place of Occurrence Medically Attended";"Place of Occurrence Not Attended";"Place of Occurrence Not Stated"
"PHILIPPINES";582183;236027;342705;2574;582183;236027;342705;2574
"..NATIONAL CAPITAL REGION";76839;41871;34669;125;88088;52722;35057;134
"....City of Manila";12573;6934;5624;11;19733;13992;5724;14
"....City of Mandaluyong";2326;1291;1033;2;2111;1098;1012;1
"....City of San Juan";810;583;223;..;1021;804;213;..
"....Quezon City";16460;9474;6917;29;22340;15285;6970;40
"....City of Marikina";3171;2116;1029;22;4340;3274;1042;23
"....City of Makati";3363;2358;1004;1;3218;2215;1003;..
"....City of Pasig";4220;2520;1700;..;5107;3378;1728;1
"....Pateros";481;236;245;..;328;93;235;..
"....Taguig City";3697;1956;1738;2;3217;1481;1734;..
"....Caloocan City";9235;4191;5017;23;7737;2612;5102;22
"....City of Malabon";2389;957;1430;2;1577;158;1418;1
"....City of Navotas";1783;719;1051;..;1244;189;1042;..
"....City of Valenzuela";3769;1832;1929;4;3237;1340;1890;2
"....City of Las Piñas";3614;2022;1588;3;3997;2245;1750;2
"....City of Muntinlupa";2767;1524;1235;7;3374;2127;1239;8
"....City of Parañaque";3638;1781;1756;16;2944;1069;1773;18
"....Pasay City";2543;1377;1150;3;2563;1362;1182;2
"..CORDILLERA ADMINISTRATIVE REGION";8329;3240;5035;19;8603;3538;5009;19
"....Abra";1684;607;1068;7;1565;517;1038;7
"....Benguet";3495;1613;1870;..;4000;2094;1894;..
"....Ifugao";836;303;527;5;734;213;514;5
"....Kalinga";930;290;623;5;868;232;619;5
"....Mountain Province";853;230;617;1;806;193;607;1
"....Apayao";531;197;330;1;630;289;337;1
"..REGION I- ILOCOS";35666;12665;22911;43;35293;12237;22970;40
"....Ilocos Norte";4474;1819;2633;17;4474;1813;2639;17
"....Ilocos Sur";4990;1897;3067;1;4810;1702;3082;1
"....La Union";5354;2151;3200;3;5606;2385;3218;3
"....Pangasinan";20848;6798;14011;22;20403;6337;14031;19
"..REGION II- CAGAYAN VALLEY";20952;7528;13373;48;20758;7357;13352;47
"....Batanes";139;78;61;..;123;70;53;..
"....Cagayan";7975;2797;5155;22;8161;2993;5145;22
"....Isabela";9415;3257;6136;22;9052;2905;6126;21
"....Nueva Vizcaya";2487;1047;1436;2;2531;1077;1451;2
"....Quirino";936;349;585;2;891;312;577;2
"..REGION III- CENTRAL LUZON";68757;25767;42832;121;66952;23845;42953;117
"....Bataan";4838;2141;2697;..;4683;1993;2690;..
"....Bulacan";19856;8070;11771;10;18523;6695;11812;11
"....Nueva Ecija";13255;3600;9634;3;13177;3510;9649;..
"....Pampanga";14882;6003;8787;90;14900;5946;8862;90
"....Tarlac";9228;2951;6264;4;8992;2760;6220;3
"....Zambales";5543;2613;2917;10;5622;2656;2953;10
"....Aurora";1155;389;762;4;1055;285;767;3
"..REGION IV-A- CALABARZON";82764;34090;48507;71;75942;27234;48541;68
"....Batangas";15970;6928;9003;..;16667;7594;9031;..
"....Cavite";20043;8030;11988;1;17445;5493;11924;1
"....Laguna";17514;7104;10344;55;16312;5765;10482;55
"....Quezon";13216;5301;7899;9;12893;5027;7852;9
"....Rizal";16021;6727;9273;6;12625;3355;9252;3
"..MIMAROPA REGION";16105;5622;10379;98;15683;5205;10376;97
"....Marinduque";1697;526;1164;7;1594;430;1157;7
"....Occidental Mindoro";2661;994;1664;3;2512;869;1640;3
"....Oriental Mindoro";4862;1354;3477;30;4805;1271;3504;30
"....Palawan";4865;2037;2773;50;4838;1991;2792;50
"....Romblon";2020;711;1301;8;1934;644;1283;7
"..REGION V- BICOL";36228;13224;22884;93;35610;12794;22696;93
"....Albay";8959;3932;4974;47;9191;4264;4873;47
"....Camarines Norte";3682;1609;2058;11;3543;1468;2060;11
"....Camarines Sur";12298;3989;8293;3;12223;3955;8252;3
"....Catanduanes";1777;708;1069;..;1752;680;1072;..
"....Masbate";4285;1194;3060;30;4096;1041;3024;30
"....Sorsogon";5227;1792;3430;2;4805;1386;3415;2
"..REGION VI- WESTERN VISAYAS";51256;21594;29523;110;50922;21428;29354;109
"....Aklan";3980;1445;2531;3;3916;1441;2472;2
"....Antique";3999;1337;2658;4;3829;1202;2623;4
"....Capiz";4824;1554;3270;..;4688;1434;3254;..
"....Iloilo";16607;7387;9132;87;16884;7643;9153;87
"....Guimaras";1069;432;637;..;935;306;628;..
"....Negros Occidental";20777;9439;11295;16;20670;9402;11224;16
"..REGION VII- CENTRAL VISAYAS";47937;17696;29843;236;48213;17852;29961;235
"....Bohol";8923;2899;5945;63;8779;2788;5914;63
"....Cebu";29595;11809;17500;152;30113;12184;17634;152
"....Siquijor";838;327;510;..;767;254;513;..
"....Negros Oriental";8581;2661;5888;21;8554;2626;5900;20
"..REGION VIII- EASTERN VISAYAS";23821;7132;16620;59;23481;6838;16576;59
"....Eastern Samar";1812;598;1214;..;1656;479;1177;..
"....Leyte";10945;3135;7783;27;11408;3461;7919;27
"....Northern Samar";3485;1191;2265;26;3379;1106;2244;26
"....Samar";3425;896;2524;3;3032;579;2449;3
"....Southern Leyte";3011;939;2066;2;2932;881;2046;2
"....Biliran";1143;373;768;1;1074;332;741;1
"..REGION IX- ZAMBOANGA PENINSULA";17457;6841;10421;179;17047;6510;10345;178
"....Zamboanga Del Norte";5264;2095;3050;110;5096;1956;3019;111
"....Zamboanga Del Sur";9301;3763;5470;64;9252;3734;5450;65
"....Zamboanga Sibugay";2448;790;1652;3;2247;620;1625;1
"....Isabela City";444;193;249;2;452;200;251;1
"..REGION X- NORTHERN MINDANAO";26070;11125;14798;96;26368;11420;14807;91
"....Bukidnon";6871;2896;3943;32;6322;2423;3869;30
"....Camiguin";633;344;286;0;594;314;277;..
"....Lanao Del Norte";4794;1981;2807;4;4460;1675;2782;1
"....Misamis Occidental";4375;1878;2453;44;4869;2357;2466;46
"....Misamis Oriental";9397;4026;5309;16;10123;4651;5413;14
"..REGION XI - DAVAO";29260;11600;16367;1189;30470;12643;16502;1219
"....Davao";6393;2663;3712;14;8067;4235;3819;5
"....Davao Del Sur";14552;6403;6936;1121;15957;7641;7046;1176
"....Davao Oriental";3141;904;2227;9;2594;393;2199;2
"....Compostela Valley";4232;1422;2801;5;3066;290;2774;1
"....Davao Occidental";942;208;691;40;786;84;664;35
"..REGION XII- SOCCSKSARGEN";22115;8248;13792;15;21834;7970;13796;8
"....Cotabato";6745;2050;4689;6;6467;1767;4699;1
"....South Cotabato";8924;4056;4855;5;9396;4478;4907;5
"....Sultan Kudarat";3464;1027;2382;3;3279;842;2381;2
"....Sarangani";2190;717;1473;..;1664;259;1405;..
"....Cotabato City";792;398;393;1;1028;624;404;..
"..REGION XIII - CARAGA";14939;6198;8713;19;14096;5470;8604;13
"....Agusan Del Norte";4389;2091;2293;..;4405;2137;2263;..
"....Agusan Del Sur";3302;1159;2138;4;2817;715;2101;..
"....Surigao Del Norte";3118;1257;1857;2;3259;1397;1859;1
"....Surigao Del Sur";3500;1505;1981;13;3128;1168;1947;12
"....Dinagat Islands";630;186;444;..;487;53;434;..
"..AUTONOMOUS REGION IN MUSLIM MINDANAO";3236;1315;1863;50;2822;963;1806;47
"....Basilan";466;162;290;14;368;89;268;11
"....Lanao Del Sur";925;382;530;12;866;322;531;12
"....Maguindanao";1197;409;762;22;979;227;728;22
"....Sulu";488;309;174;2;470;291;174;2
"....Tawi-Tawi";160;53;107;..;139;34;105;..
"FOREIGN COUNTRIES";452;271;175;3;1;1;..;..
