"Number of Establishments Employing 20 or More Workers by Awareness on Employees' Compensation Commission (ECC) and Employees' Compensation Program (ECP), Dissemination, Maintainance of EC Logbook, Availment of ECP Benefits and Services, and Provision of As"

"Indicators";"Major Industry Group";"2017"
"Total Establishments";"ALL INDUSTRIES";32288
"Total Establishments";"..Agriculture, Forestry and Fishing";1124
"Total Establishments";"..Mining and Quarrying";156
"Total Establishments";"..Manufacturing";5925
"Total Establishments";"..Electricity, Gas, Steam and Air Conditioning Supply";285
"Total Establishments";"..Water Supply; Sewerage, Waste Management and Remediation Activities";326
"Total Establishments";"..Construction";991
"Total Establishments";"..Wholesale and Retail Trade; Repair of Motor Vehicles and Motorcycles";7820
"Total Establishments";"..Transportation and Storage";1045
"Total Establishments";"..Accommodation and Food Service Activities";4183
"Total Establishments";"..Information and Communication";772
"Total Establishments";"..Financial and Insurance Activities";1339
"Total Establishments";"..Real Estate Activities";454
"Total Establishments";"..Professional, Scientific and Technical Activities";745
"Total Establishments";"..Administrative and Support Service Activities";1925
"Total Establishments";"..Education Except Public Education";3574
"Total Establishments";"..Human Health and Social Work Activities Except Public Health Activities";1048
"Total Establishments";"..Arts, Entertainment and  Recreation";234
"Total Establishments";"..Repair of Computers and Personal and Household Goods; Other Personal Service Activities";343
"Aware of ECC";"ALL INDUSTRIES";27231
"Aware of ECC";"..Agriculture, Forestry and Fishing";912
"Aware of ECC";"..Mining and Quarrying";131
"Aware of ECC";"..Manufacturing";5079
"Aware of ECC";"..Electricity, Gas, Steam and Air Conditioning Supply";274
"Aware of ECC";"..Water Supply; Sewerage, Waste Management and Remediation Activities";261
"Aware of ECC";"..Construction";841
"Aware of ECC";"..Wholesale and Retail Trade; Repair of Motor Vehicles and Motorcycles";6517
"Aware of ECC";"..Transportation and Storage";888
"Aware of ECC";"..Accommodation and Food Service Activities";3522
"Aware of ECC";"..Information and Communication";651
"Aware of ECC";"..Financial and Insurance Activities";1183
"Aware of ECC";"..Real Estate Activities";381
"Aware of ECC";"..Professional, Scientific and Technical Activities";623
"Aware of ECC";"..Administrative and Support Service Activities";1697
"Aware of ECC";"..Education Except Public Education";2876
"Aware of ECC";"..Human Health and Social Work Activities Except Public Health Activities";930
"Aware of ECC";"..Arts, Entertainment and  Recreation";179
"Aware of ECC";"..Repair of Computers and Personal and Household Goods; Other Personal Service Activities";286
"Aware of ECP";"ALL INDUSTRIES";28189
"Aware of ECP";"..Agriculture, Forestry and Fishing";945
"Aware of ECP";"..Mining and Quarrying";136
"Aware of ECP";"..Manufacturing";5349
"Aware of ECP";"..Electricity, Gas, Steam and Air Conditioning Supply";278
"Aware of ECP";"..Water Supply; Sewerage, Waste Management and Remediation Activities";258
"Aware of ECP";"..Construction";883
"Aware of ECP";"..Wholesale and Retail Trade; Repair of Motor Vehicles and Motorcycles";6783
"Aware of ECP";"..Transportation and Storage";910
"Aware of ECP";"..Accommodation and Food Service Activities";3610
"Aware of ECP";"..Information and Communication";676
"Aware of ECP";"..Financial and Insurance Activities";1210
"Aware of ECP";"..Real Estate Activities";397
"Aware of ECP";"..Professional, Scientific and Technical Activities";631
"Aware of ECP";"..Administrative and Support Service Activities";1719
"Aware of ECP";"..Education Except Public Education";2956
"Aware of ECP";"..Human Health and Social Work Activities Except Public Health Activities";944
"Aware of ECP";"..Arts, Entertainment and  Recreation";194
"Aware of ECP";"..Repair of Computers and Personal and Household Goods; Other Personal Service Activities";309
"With EC Logbook";"ALL INDUSTRIES";17203
"With EC Logbook";"..Agriculture, Forestry and Fishing";635
"With EC Logbook";"..Mining and Quarrying";85
"With EC Logbook";"..Manufacturing";3550
"With EC Logbook";"..Electricity, Gas, Steam and Air Conditioning Supply";213
"With EC Logbook";"..Water Supply; Sewerage, Waste Management and Remediation Activities";104
"With EC Logbook";"..Construction";545
"With EC Logbook";"..Wholesale and Retail Trade; Repair of Motor Vehicles and Motorcycles";4395
"With EC Logbook";"..Transportation and Storage";598
"With EC Logbook";"..Accommodation and Food Service Activities";2099
"With EC Logbook";"..Information and Communication";358
"With EC Logbook";"..Financial and Insurance Activities";664
"With EC Logbook";"..Real Estate Activities";222
"With EC Logbook";"..Professional, Scientific and Technical Activities";260
"With EC Logbook";"..Administrative and Support Service Activities";1075
"With EC Logbook";"..Education Except Public Education";1519
"With EC Logbook";"..Human Health and Social Work Activities Except Public Health Activities";608
"With EC Logbook";"..Arts, Entertainment and  Recreation";121
"With EC Logbook";"..Repair of Computers and Personal and Household Goods; Other Personal Service Activities";151
"Disseminated Information on ECP";"ALL INDUSTRIES";17357
"Disseminated Information on ECP";"..Agriculture, Forestry and Fishing";600
"Disseminated Information on ECP";"..Mining and Quarrying";90
"Disseminated Information on ECP";"..Manufacturing";3252
"Disseminated Information on ECP";"..Electricity, Gas, Steam and Air Conditioning Supply";222
"Disseminated Information on ECP";"..Water Supply; Sewerage, Waste Management and Remediation Activities";135
"Disseminated Information on ECP";"..Construction";512
"Disseminated Information on ECP";"..Wholesale and Retail Trade; Repair of Motor Vehicles and Motorcycles";4288
"Disseminated Information on ECP";"..Transportation and Storage";576
"Disseminated Information on ECP";"..Accommodation and Food Service Activities";2313
"Disseminated Information on ECP";"..Information and Communication";380
"Disseminated Information on ECP";"..Financial and Insurance Activities";750
"Disseminated Information on ECP";"..Real Estate Activities";236
"Disseminated Information on ECP";"..Professional, Scientific and Technical Activities";331
"Disseminated Information on ECP";"..Administrative and Support Service Activities";1092
"Disseminated Information on ECP";"..Education Except Public Education";1712
"Disseminated Information on ECP";"..Human Health and Social Work Activities Except Public Health Activities";592
"Disseminated Information on ECP";"..Arts, Entertainment and  Recreation";121
"Disseminated Information on ECP";"..Repair of Computers and Personal and Household Goods; Other Personal Service Activities";155
"With Employees Who Availed ECP Benefits (2015 - 2017)";"ALL INDUSTRIES";16223
"With Employees Who Availed ECP Benefits (2015 - 2017)";"..Agriculture, Forestry and Fishing";558
"With Employees Who Availed ECP Benefits (2015 - 2017)";"..Mining and Quarrying";72
"With Employees Who Availed ECP Benefits (2015 - 2017)";"..Manufacturing";3505
"With Employees Who Availed ECP Benefits (2015 - 2017)";"..Electricity, Gas, Steam and Air Conditioning Supply";202
"With Employees Who Availed ECP Benefits (2015 - 2017)";"..Water Supply; Sewerage, Waste Management and Remediation Activities";116
"With Employees Who Availed ECP Benefits (2015 - 2017)";"..Construction";553
"With Employees Who Availed ECP Benefits (2015 - 2017)";"..Wholesale and Retail Trade; Repair of Motor Vehicles and Motorcycles";3787
"With Employees Who Availed ECP Benefits (2015 - 2017)";"..Transportation and Storage";574
"With Employees Who Availed ECP Benefits (2015 - 2017)";"..Accommodation and Food Service Activities";2006
"With Employees Who Availed ECP Benefits (2015 - 2017)";"..Information and Communication";286
"With Employees Who Availed ECP Benefits (2015 - 2017)";"..Financial and Insurance Activities";656
"With Employees Who Availed ECP Benefits (2015 - 2017)";"..Real Estate Activities";215
"With Employees Who Availed ECP Benefits (2015 - 2017)";"..Professional, Scientific and Technical Activities";313
"With Employees Who Availed ECP Benefits (2015 - 2017)";"..Administrative and Support Service Activities";1043
"With Employees Who Availed ECP Benefits (2015 - 2017)";"..Education Except Public Education";1581
"With Employees Who Availed ECP Benefits (2015 - 2017)";"..Human Health and Social Work Activities Except Public Health Activities";522
"With Employees Who Availed ECP Benefits (2015 - 2017)";"..Arts, Entertainment and  Recreation";101
"With Employees Who Availed ECP Benefits (2015 - 2017)";"..Repair of Computers and Personal and Household Goods; Other Personal Service Activities";132
"With Employees Who Availed ECP Services (2015 - 2017)";"ALL INDUSTRIES";6201
"With Employees Who Availed ECP Services (2015 - 2017)";"..Agriculture, Forestry and Fishing";242
"With Employees Who Availed ECP Services (2015 - 2017)";"..Mining and Quarrying";36
"With Employees Who Availed ECP Services (2015 - 2017)";"..Manufacturing";1337
"With Employees Who Availed ECP Services (2015 - 2017)";"..Electricity, Gas, Steam and Air Conditioning Supply";94
"With Employees Who Availed ECP Services (2015 - 2017)";"..Water Supply; Sewerage, Waste Management and Remediation Activities";49
"With Employees Who Availed ECP Services (2015 - 2017)";"..Construction";242
"With Employees Who Availed ECP Services (2015 - 2017)";"..Wholesale and Retail Trade; Repair of Motor Vehicles and Motorcycles";1363
"With Employees Who Availed ECP Services (2015 - 2017)";"..Transportation and Storage";212
"With Employees Who Availed ECP Services (2015 - 2017)";"..Accommodation and Food Service Activities";769
"With Employees Who Availed ECP Services (2015 - 2017)";"..Information and Communication";91
"With Employees Who Availed ECP Services (2015 - 2017)";"..Financial and Insurance Activities";251
"With Employees Who Availed ECP Services (2015 - 2017)";"..Real Estate Activities";81
"With Employees Who Availed ECP Services (2015 - 2017)";"..Professional, Scientific and Technical Activities";113
"With Employees Who Availed ECP Services (2015 - 2017)";"..Administrative and Support Service Activities";409
"With Employees Who Availed ECP Services (2015 - 2017)";"..Education Except Public Education";623
"With Employees Who Availed ECP Services (2015 - 2017)";"..Human Health and Social Work Activities Except Public Health Activities";204
"With Employees Who Availed ECP Services (2015 - 2017)";"..Arts, Entertainment and  Recreation";46
"With Employees Who Availed ECP Services (2015 - 2017)";"..Repair of Computers and Personal and Household Goods; Other Personal Service Activities";39
"Provided Assistance in Availing ECP Benefits and/or Services";"ALL INDUSTRIES";15619
"Provided Assistance in Availing ECP Benefits and/or Services";"..Agriculture, Forestry and Fishing";520
"Provided Assistance in Availing ECP Benefits and/or Services";"..Mining and Quarrying";69
"Provided Assistance in Availing ECP Benefits and/or Services";"..Manufacturing";3359
"Provided Assistance in Availing ECP Benefits and/or Services";"..Electricity, Gas, Steam and Air Conditioning Supply";198
"Provided Assistance in Availing ECP Benefits and/or Services";"..Water Supply; Sewerage, Waste Management and Remediation Activities";116
"Provided Assistance in Availing ECP Benefits and/or Services";"..Construction";539
"Provided Assistance in Availing ECP Benefits and/or Services";"..Wholesale and Retail Trade; Repair of Motor Vehicles and Motorcycles";3647
"Provided Assistance in Availing ECP Benefits and/or Services";"..Transportation and Storage";566
"Provided Assistance in Availing ECP Benefits and/or Services";"..Accommodation and Food Service Activities";1906
"Provided Assistance in Availing ECP Benefits and/or Services";"..Information and Communication";286
"Provided Assistance in Availing ECP Benefits and/or Services";"..Financial and Insurance Activities";628
"Provided Assistance in Availing ECP Benefits and/or Services";"..Real Estate Activities";195
"Provided Assistance in Availing ECP Benefits and/or Services";"..Professional, Scientific and Technical Activities";313
"Provided Assistance in Availing ECP Benefits and/or Services";"..Administrative and Support Service Activities";1022
"Provided Assistance in Availing ECP Benefits and/or Services";"..Education Except Public Education";1517
"Provided Assistance in Availing ECP Benefits and/or Services";"..Human Health and Social Work Activities Except Public Health Activities";511
"Provided Assistance in Availing ECP Benefits and/or Services";"..Arts, Entertainment and  Recreation";101
"Provided Assistance in Availing ECP Benefits and/or Services";"..Repair of Computers and Personal and Household Goods; Other Personal Service Activities";124
